nome_usuario,genero,endereco,data_chegada,categoria_produto,preco_produto,quantidade
David Robertson,Male,"577 Roy Prairie
New Stacie, WA 90171",05/23/2023,Clothing,86.01,1
Matthew Scott,Female,"5042 Allen Mission Apt. 271
South Taylor, CA 51062",01/07/2024,Electronics,1434.82,4
William Knight,Male,"4927 Lisa Lock
Moorehaven, LA 79322",07/14/2023,Clothing,59.28,4
Adam Sandoval,Female,"40922 Donna Extensions
North Amandatown, AK 21930",04/22/2024,Gardening,90.14,5
Erika Hebert,Male,"522 Ashley Parks Suite 997
East Tinatown, NE 01119",08/30/2023,Gardening,189.03,1
Colton Allen,Male,"0980 Keller Bypass
North Alyssa, MS 25973",07/26/2023,Electronics,1435.56,5
Rhonda Cole,Male,"70327 Norton Spur Apt. 934
Peggyburgh, NM 19038",12/11/2023,Books,66.55,4
Mary Price,Male,"15595 Melissa Squares Suite 969
North Juliefurt, AR 51366",11/01/2023,Food,7.71,1
Leah Medina,Male,"35279 Parker Vista Suite 322
Ricardomouth, DC 38419",03/04/2024,Gardening,149.46,1
Christopher Chambers,Female,"8982 Cameron Village
Vargasland, TX 50923",05/20/2023,Gardening,114.52,3
Valerie Thompson,Male,"23674 Flores Loaf
South Frank, OK 25466",09/01/2023,Gardening,174.47,2
Chad Wilson,Female,"PSC 4030, Box 7327
APO AA 85146",11/09/2023,Clothing,103.48,4
Riley Lee,Male,"USS Johnson
FPO AP 34591",12/07/2023,Books,25.81,1
Benjamin Gamble,Female,"PSC 5414, Box 1881
APO AE 26211",04/30/2024,Clothing,119.07,2
Jason Turner,Female,"8087 Nicholas Villages Apt. 262
West Williamside, AL 38809",04/21/2024,Gardening,139.73,3
Patrick Wilson,Male,"8491 Cruz Tunnel Apt. 806
New Amy, VA 18002",03/28/2024,Gardening,133.28,2
Scott Brown,Male,"8096 Ramos Street Apt. 761
Bullockview, PR 66364",07/26/2023,Gardening,197.92,2
Hector Jones,Female,"3047 Morton Islands
Wilsonburgh, TN 70055",11/02/2023,Food,24.81,1
Kristie Wilson,Female,"3031 Melendez Wall Apt. 861
East Monica, MA 00925",11/16/2023,Clothing,223.54,3
Maria Berry,Female,"3312 Bell Throughway
South Jamesside, MD 47728",12/23/2023,Gardening,100.07,5
Susan Small,Female,"72299 Michelle Mount Suite 869
Port Nicole, MO 20274",05/01/2024,Clothing,283.25,1
Denise Christensen,Female,"57297 Brown Lodge Apt. 503
South Jennifer, ID 54146",02/29/2024,Electronics,413.03,5
Kristen Harris,Male,"Unit 7125 Box 7186
DPO AA 18107",10/14/2023,Gardening,163.66,1
Timothy Brandt,Female,"56681 Amy Grove Apt. 437
Millerville, MO 31557",09/29/2023,Food,20.44,4
Charles Martin,Female,"9447 Humphrey Extension
Kennedystad, HI 07550",12/31/2023,Clothing,117.77,1
Latoya Thompson,Female,"7641 Diaz Viaduct Suite 016
Justinfort, CT 83713",01/25/2024,Food,34.06,3
Jacqueline Payne,Female,"4750 Arnold Spurs Apt. 797
Lake Janiceborough, NE 30870",02/19/2024,Gardening,126.22,5
Alan Wyatt DDS,Female,"8676 Aguilar Ridges Suite 600
West Markbury, OK 40993",12/12/2023,Electronics,1280.14,4
Garrett Reed,Female,"365 Gina Forks Apt. 961
South Aaronville, OH 36747",07/08/2023,Gardening,112.94,4
Samantha Garcia MD,Male,"26051 Johnson Meadow Suite 382
Villarrealtown, MI 56975",06/29/2023,Food,29.44,1
Shaun Powell,Male,"804 Anthony Landing Suite 897
Jamestown, FL 33530",06/09/2023,Clothing,138.96,2
James Long,Male,"00157 Frederick Groves
Lake Danabury, OK 34884",08/13/2023,Clothing,227.22,1
Matthew Graves,Female,"7912 Stewart Flat
Port Danielfurt, PW 61638",07/31/2023,Gardening,183.15,3
Robert Padilla,Female,"6595 Amanda Port
North Brandon, KY 61523",04/30/2024,Clothing,102.62,5
Michael Flores,Female,"366 Perkins Loop
Jenkinsburgh, CT 11811",08/01/2023,Electronics,1820.15,3
Thomas Dorsey,Female,"39370 Amy Crescent Suite 540
Lindaport, MN 04480",12/22/2023,Books,10.29,2
Kyle Perez,Male,"106 Charles Harbors
Brewertown, MS 44972",05/28/2023,Electronics,900.75,1
Denise Snow,Female,"58057 Riley Place Suite 053
West Jamiechester, NM 32489",04/22/2024,Electronics,1939.82,2
Carolyn Hamilton,Male,"PSC 1538, Box 5725
APO AA 58339",01/02/2024,Clothing,215.22,1
Joan Tapia,Male,"51714 Robert Hill Apt. 858
North Brianville, NM 22725",08/18/2023,Electronics,1078.95,5
Courtney Donovan,Female,"77469 William Course Suite 236
Fischerhaven, PR 18136",07/04/2023,Food,27.8,3
Michael Lee,Male,"681 Rodriguez Glens Suite 641
Port Kyle, DE 54175",09/17/2023,Clothing,73.72,2
Andrew Moody,Male,"2499 Brooke Street Suite 037
Rosefort, PA 55753",08/24/2023,Food,38.09,2
Martha Richard,Female,"33622 Kristen Circle
Port Jose, WA 75704",06/21/2023,Electronics,1069.72,1
Jason Ramirez PhD,Female,"814 Maxwell Brook
New Kimmouth, NE 65229",11/14/2023,Electronics,1236.58,2
Linda Carr,Female,"714 Newman Stream
West Joseph, MS 31835",12/27/2023,Electronics,404.49,1
Mark Landry,Female,"18276 Nicholas Cape
Port Patrickchester, GA 11751",09/25/2023,Clothing,204.63,2
Jeremy Roberts,Female,"6911 Rubio Fords Apt. 824
Torresport, ID 44690",12/13/2023,Clothing,90.75,5
Olivia Carpenter,Female,"87040 Frances Forge Suite 705
New Jamie, WY 68230",09/11/2023,Electronics,1093.51,4
Dr. Sara Salazar,Female,"5153 Jones Mountain Apt. 587
New Rhondaville, MN 93525",04/08/2024,Electronics,1541.48,2
David Watts,Female,"8556 Joshua Landing Apt. 064
New Royborough, TN 81638",11/07/2023,Books,51.68,2
Jordan Byrd,Female,"12230 Carrillo Ramp Suite 549
Sheabury, WA 54325",05/09/2024,Clothing,239.51,2
James Bowers,Female,"5075 Nicole Pass
Robertchester, AL 20227",12/16/2023,Clothing,262.62,4
Joseph Lawrence,Female,"95315 Anna Junctions
South Jillian, MH 44942",03/26/2024,Food,17.29,3
Matthew Mayo,Male,"0184 Jones Avenue
North Andrewport, MT 83757",04/06/2024,Books,54.92,5
Michael Gonzalez,Female,"1249 Lane Drive Apt. 901
West Hannahland, IL 96952",12/15/2023,Books,28.51,2
Sergio Briggs,Female,"USCGC Simmons
FPO AA 38460",06/27/2023,Food,20.25,5
Holly Singleton,Male,"8799 Brown Knolls
South Edwardside, ND 68114",12/23/2023,Gardening,68.18,3
Dr. Crystal Baxter,Female,"232 Baker Port Apt. 051
New Marybury, IN 55440",06/13/2023,Books,69.34,3
Ashley Marquez,Male,"89413 Lopez Square
Martintown, MI 59940",12/13/2023,Clothing,62.1,3
Jeffrey Jones,Male,"08360 Atkinson Throughway
Jacobville, PW 41835",07/03/2023,Food,36.79,5
Gabriel Harris,Female,"20821 Scott Junctions
Markhaven, AL 94819",05/11/2023,Books,99.03,4
Paula Turner,Male,"7680 Mcpherson Lock
Valenciahaven, CA 19783",12/01/2023,Clothing,84.72,5
Kimberly Chandler,Male,"160 Jessica Road Suite 176
Audreystad, RI 43135",05/06/2024,Food,41.14,3
Erica Gibson,Male,"545 Diane Mission
South Victoria, WA 36498",05/04/2024,Books,71.65,5
Amanda Rodriguez,Male,"0787 Herrera Court
Heatherton, SD 83331",12/14/2023,Books,70.11,4
Susan Kelly,Female,"200 Hopkins Plaza
Lake Hannah, WA 90752",02/03/2024,Clothing,73.62,5
Jennifer Hurley,Male,"8200 Lewis Lights
Medinaton, IL 86124",05/07/2024,Electronics,1386.72,1
Claire Hickman,Female,"1051 Dawn Estate Apt. 746
North Amanda, TN 45669",06/09/2023,Food,47.08,1
Angela Mccormick,Male,"08160 Gonzalez Mount
New Williammouth, GU 43010",08/28/2023,Clothing,298.69,5
Sierra Bauer,Male,"8293 Laura Trail Apt. 666
East Matthew, PR 30516",02/05/2024,Electronics,1703.92,2
Brandi Page,Female,"5045 Zhang Forges Apt. 465
Taylorburgh, ID 75657",08/18/2023,Electronics,466.14,3
Daniel Wilson,Female,"2032 Stone Stream Suite 119
Stoutland, MT 03171",05/30/2023,Clothing,152.5,4
Bryan Morrison,Female,"35077 Stephanie Manor
West Michael, AK 84437",09/01/2023,Gardening,184.86,2
Andrew Vazquez,Female,"329 Wise Trail
Schwartzborough, CT 20426",01/05/2024,Clothing,199.0,3
Paul Wallace,Female,"70768 Norris Flat Apt. 545
Shannonhaven, OK 01328",09/20/2023,Books,75.35,1
Amber Lopez,Male,"464 Craig Drive
Warrenland, IL 73985",05/24/2023,Clothing,63.41,2
Maria Johnson,Female,"415 Lopez Key
Lucasmouth, FL 66266",11/18/2023,Food,7.92,3
Andre Valenzuela,Female,"PSC 4000, Box 5326
APO AP 45055",07/07/2023,Electronics,753.09,4
Amber Brown,Male,"136 Dunn Loop Apt. 453
Claudiamouth, MH 54479",09/28/2023,Clothing,207.62,1
James Anderson,Female,"03448 James Mountains
Graymouth, AL 41751",09/12/2023,Clothing,154.17,2
Christopher Frost,Female,"Unit 3240 Box 1454
DPO AP 11373",09/17/2023,Clothing,197.81,1
Adam Oconnell,Male,"63528 Moore Brooks Apt. 995
Cherylton, NJ 82436",09/09/2023,Gardening,95.04,5
Dalton Rogers,Male,"22061 Willie Crossroad Suite 263
Karenhaven, NY 03909",10/14/2023,Clothing,156.88,4
Alice Adams,Male,"PSC 6539, Box 2579
APO AE 18242",09/28/2023,Clothing,292.81,4
Timothy Hill,Male,"710 Joshua Isle
South Josephbury, CO 70796",12/22/2023,Food,23.37,4
Brenda Green,Male,"5546 Timothy Land
North Tammy, OK 66082",12/05/2023,Electronics,488.11,1
David Conley,Female,"37282 Frazier Locks
Castrochester, NE 39488",07/02/2023,Clothing,268.27,5
Jacob Parsons,Male,"7239 Wright Bypass Apt. 764
Lake Jenna, NY 99830",06/15/2023,Books,17.21,4
Maria Glenn,Male,"6467 Nunez Land Suite 565
West Kaylafort, MH 45755",01/04/2024,Electronics,1989.93,2
Kristin Campos,Male,"146 Powers Branch Suite 044
Danielleton, PW 05287",11/04/2023,Electronics,1732.35,2
Maria Gutierrez,Male,"019 Adam Islands Suite 095
North Marialand, TX 96015",06/20/2023,Clothing,142.68,1
Samuel Chambers,Female,"379 Long Canyon Suite 220
Cisnerosbury, AZ 01758",12/13/2023,Gardening,90.39,1
Michael Powell,Male,"3848 Johnson Key
South Chase, RI 25631",09/02/2023,Food,25.08,2
John Adams,Female,"4652 Crystal Vista Apt. 474
Schmidtport, VA 03754",11/05/2023,Food,36.71,5
Crystal Melendez,Male,"67359 Robert Locks
Brittanyfort, KY 45953",08/25/2023,Food,48.31,3
Kenneth Chapman,Female,"350 Mcclain Key Apt. 971
West Misty, MO 19505",08/14/2023,Gardening,81.84,3
Denise Briggs,Male,"179 Mandy Cove Suite 841
Bondport, SD 60247",11/03/2023,Books,58.16,5
Raymond Phelps,Male,"1034 Gail Mall
Dorseyberg, WA 80877",01/08/2024,Gardening,135.04,1
Emily Vega,Male,"50346 Gonzalez Forest
Lake Andreaside, DE 72126",11/23/2023,Food,45.78,2
Michael Dixon,Male,"202 Rebecca Park
New Sarah, VI 04711",10/26/2023,Electronics,1674.71,1
Derek Green,Female,"90437 Chaney Orchard
Michelefort, ME 49266",11/09/2023,Clothing,175.81,3
Robert Rush,Male,"Unit 5522 Box 6430
DPO AP 90346",03/01/2024,Electronics,1883.38,5
Beth Tucker,Male,"780 Cheyenne Mountains
East Carlybury, MO 61981",07/07/2023,Clothing,222.15,2
Eric Mueller,Female,"6552 Christian Drive
Mcdowellmouth, WA 72763",02/10/2024,Food,27.2,2
Calvin Anderson DDS,Female,"6290 Robles Village
New Ernest, DC 97319",01/17/2024,Food,49.46,1
Michael Green,Male,"401 Randall Summit
Port Jamesberg, KY 45910",01/14/2024,Clothing,162.31,4
Stephen Cox,Male,"46765 Beck Shoal Suite 046
New Jeffreyton, AK 01822",02/11/2024,Gardening,68.53,3
Christie Hampton,Female,"5634 Mack Flat
Sophiamouth, ME 57129",09/30/2023,Books,15.72,3
Holly Jordan,Male,"4581 Eaton Crossroad Apt. 873
East Brittanyberg, MD 58794",03/24/2024,Clothing,216.05,2
Jenna Duran,Male,"054 Steven Course Apt. 198
South Troy, AK 15471",05/21/2023,Clothing,62.34,3
Stephen Abbott,Male,"40823 Gay Parks Apt. 004
Sweeneymouth, MP 67917",12/11/2023,Food,35.73,4
Jeffrey Vaughan,Male,"2791 Herman Avenue
Deborahfort, NH 73485",08/30/2023,Electronics,430.68,5
Lori Stanley,Female,"957 Harris Mills Apt. 348
Patriciafurt, KS 23683",03/06/2024,Clothing,270.73,3
Mrs. Debra Gardner,Male,"60673 Gonzalez Prairie Suite 320
South Edwardmouth, FL 42336",01/08/2024,Clothing,156.19,4
Suzanne Wade,Male,"Unit 1195 Box 2374
DPO AA 67794",09/18/2023,Clothing,124.85,4
James Walker,Female,"7555 Christopher Gateway
South Barbara, MA 61752",01/20/2024,Clothing,196.3,5
Michael Simpson,Male,"139 Scott Underpass
Port Catherine, WA 13200",11/21/2023,Books,10.57,5
Ryan Morgan,Female,"485 Morgan Plaza Suite 530
Lake Heidistad, TX 49221",04/03/2024,Gardening,199.81,5
Joshua Trujillo,Male,"821 Paula Inlet
Colemanborough, NY 49740",05/12/2023,Clothing,188.32,1
William Perez,Male,"468 Williams Gardens Suite 222
East Elizabeth, DC 79501",02/17/2024,Clothing,148.14,2
Austin Wilcox,Female,"83997 Allison Freeway Apt. 842
Danafort, MA 49256",01/14/2024,Clothing,199.56,1
Kimberly Chang,Male,"25767 Joseph Grove Apt. 258
New Elizabeth, HI 84475",01/23/2024,Electronics,1702.9,2
Henry Burnett,Female,"PSC 2259, Box 8660
APO AE 86089",03/23/2024,Gardening,194.24,3
Stephanie Moore,Male,"62398 Parker Green Apt. 903
Ashleyland, MA 36904",06/16/2023,Food,14.74,2
Carrie Hansen,Female,"82458 Michelle Coves Suite 565
East Rodney, ND 79247",07/10/2023,Gardening,39.6,2
Samantha Ballard,Male,"08652 Jackson Islands
North Paul, OK 42257",01/15/2024,Food,23.87,1
Matthew Wilson,Female,"740 Anthony Road
East Tamara, KS 42400",06/28/2023,Books,40.45,1
Gabriel Lee,Female,"37424 Sarah Fall
Lake Benjaminton, VI 55994",01/28/2024,Electronics,1926.39,5
Andrew Rodriguez,Female,"667 Rodney Rest
Lake Travisshire, WV 01289",06/13/2023,Electronics,743.6,5
Heather Brown,Female,"5267 Hansen Bypass
Port Marcus, UT 48265",11/15/2023,Gardening,182.95,5
Kevin Lawson,Female,"Unit 0451 Box 2975
DPO AA 53100",12/23/2023,Electronics,248.57,3
Stacy Campbell,Male,"7977 Monica Forges Apt. 548
East Hollyport, CA 83955",10/26/2023,Food,26.44,3
Elizabeth Price,Female,"5208 Jenkins Crossroad Suite 377
New Emilyburgh, WV 21128",08/21/2023,Clothing,213.05,3
Tamara Lambert,Female,"498 Alexander Points Suite 122
Schmittfort, NE 80308",03/29/2024,Gardening,66.71,2
Dana Woods,Female,"Unit 8509 Box 3910
DPO AP 13284",12/12/2023,Electronics,1109.9,3
Carmen Silva,Female,"11948 Simmons Way
Bakershire, PR 38464",11/23/2023,Clothing,164.05,5
Alexis Koch,Female,"567 Katherine Park
West Kathyport, WY 28126",11/29/2023,Books,62.18,3
Samuel Osborne,Male,"5259 Scott Grove Suite 710
North Patrick, DC 21901",06/26/2023,Clothing,234.02,1
Mr. Michael Rivera MD,Female,"3871 Ramirez Causeway Apt. 565
Rickport, GU 92628",11/24/2023,Clothing,250.34,5
Steven Davis,Female,"84678 Jennifer Springs Apt. 121
South Rebecca, PA 35358",11/15/2023,Clothing,210.92,4
Paul Williams,Male,"554 Joseph Coves Apt. 654
Lake Kelsey, NE 48699",06/18/2023,Clothing,173.56,4
Christina James,Female,"561 Fuller Forge Suite 438
Jenniferville, NV 81162",09/20/2023,Food,46.45,4
Stephen Perez,Female,"PSC 1406, Box 8801
APO AA 83163",11/20/2023,Food,44.21,1
Bryan Douglas,Male,"9761 Garrett Glen
Port Frederick, GA 62832",11/17/2023,Gardening,36.42,5
Patrick Burton,Male,"8262 Lloyd Hills
East Shanefort, AK 44827",07/24/2023,Gardening,160.73,3
Mr. Ralph Curtis,Female,"7460 Matthew Union
Tinaview, IN 79118",10/23/2023,Gardening,74.83,4
Jasmine Leonard,Male,"50702 George Course
Tiffanybury, WI 20063",09/07/2023,Food,44.97,2
Tammie Rice,Male,"787 Reilly Neck
Stewartchester, WA 86462",04/05/2024,Food,15.18,4
Kelli Lee,Male,"270 Rubio Shoals
Jasonmouth, DE 13310",05/28/2023,Books,32.18,1
Brandi Long DDS,Male,"646 Evans Port Suite 057
Howardmouth, MD 57204",05/26/2023,Food,19.02,5
Judith Jensen,Male,"210 Rebecca Street Suite 170
South Kent, VT 35727",06/12/2023,Gardening,154.89,3
Mike Ellis,Male,"224 Erin Springs
South William, WI 52843",01/23/2024,Books,33.35,3
Jordan Simmons,Female,"0687 Kaiser Brook Apt. 623
Port Hannahberg, LA 14746",04/30/2024,Gardening,165.37,5
Kathleen Hudson,Male,"79451 Cassidy Groves Suite 970
Lindabury, WV 32417",12/30/2023,Food,29.23,2
John Hubbard,Female,"333 Robert Drive Suite 627
Shellyberg, LA 50306",05/02/2024,Electronics,879.63,1
Maria Brown,Female,"431 Jones Garden Suite 843
Annaview, WY 55791",06/04/2023,Electronics,1494.47,2
Thomas Finley,Male,"04693 Zachary Cliff
West Laura, AK 13260",02/05/2024,Clothing,133.86,1
Stacey Everett,Female,"2256 Michael Lock
North Edwardfort, WV 23106",03/29/2024,Food,26.14,1
Sandra Perkins,Male,"851 Molina Club
North Jasonborough, DC 88319",06/11/2023,Food,23.22,5
Danielle Martin,Male,"4372 Brandon Spring Suite 202
West Danielle, MP 53465",02/18/2024,Clothing,117.04,1
Matthew Humphrey,Male,"USS Galloway
FPO AE 35494",07/21/2023,Clothing,211.67,1
Felicia Pena,Male,"Unit 6971 Box 8882
DPO AE 30998",04/04/2024,Books,80.05,3
Michael Schneider,Female,"920 Nelson Flats Suite 544
Smithborough, NV 83486",04/04/2024,Electronics,404.33,4
Charles Walsh,Female,"11352 Holly Terrace Apt. 955
Bergershire, MP 90208",02/21/2024,Gardening,150.05,5
Alison Lane,Female,"5266 Sims Causeway Apt. 084
Lake Ralph, WA 55192",06/25/2023,Gardening,105.83,3
Seth Frank,Female,"059 Alexander Square Suite 629
West Karen, NC 87202",08/20/2023,Clothing,190.41,4
Matthew Ellison,Female,"90535 Juan Island Apt. 531
Port Angelafort, TN 66594",12/07/2023,Electronics,302.44,4
Jesse Maddox,Male,"6852 Nguyen Groves
New John, ME 05455",01/28/2024,Books,11.57,1
David Navarro,Female,"5215 Miles Course
Brownfort, VT 35331",09/05/2023,Clothing,273.55,3
Benjamin Lee,Female,"477 Haney Vista
Amandahaven, VT 20615",12/08/2023,Food,36.23,2
Christopher Trevino,Female,"58872 Morales Rue
Barkerbury, ME 06401",03/27/2024,Books,28.59,1
Matthew Austin,Female,"500 Mills Overpass
Rittershire, IA 70230",09/14/2023,Gardening,141.83,1
Lawrence Griffith,Female,"57036 Kelly Tunnel
Katieside, VA 21389",10/10/2023,Books,56.97,1
Linda Mcmillan,Female,"190 Debra Ports Apt. 670
South Melanie, RI 06680",08/12/2023,Clothing,274.55,5
Robin Case,Female,"Unit 3947 Box 6480
DPO AE 27936",12/07/2023,Clothing,169.08,5
Pamela Edwards,Female,"967 William Row Apt. 805
Cuevasland, PA 23115",11/11/2023,Clothing,93.44,4
Denise Hunt,Male,"2681 Wolfe Point
Josephmouth, OK 35425",05/05/2024,Clothing,134.97,5
Kelsey Walker,Female,"94645 Schmidt Greens Suite 730
Irwinstad, OK 91425",11/10/2023,Electronics,480.55,2
Jennifer Cantrell,Female,"199 Ethan Port
Foxbury, NE 44848",11/19/2023,Books,21.36,3
Jaime Perez,Female,"0181 Jonathan Locks
South Johnview, WA 45295",07/06/2023,Electronics,557.59,5
Bryan Butler,Male,"67060 Conner Row
Robertfort, SC 35906",02/03/2024,Electronics,1583.4,2
Autumn Walton,Female,"26590 Kelly Plain
Monicatown, ND 08597",11/27/2023,Clothing,83.48,5
William Bonilla V,Female,"3393 Velasquez Parkway Suite 608
Teresaton, VT 31875",05/29/2023,Clothing,207.52,1
Michael Johnson,Female,"7178 Kim Orchard Suite 966
Allisonchester, MO 06757",12/15/2023,Clothing,188.48,2
Emily Turner,Female,"699 Catherine Field Suite 688
West Jennifer, NY 52006",10/02/2023,Gardening,34.01,3
Erin Davidson,Female,"616 Adam Park
Rogerland, GA 67197",09/19/2023,Clothing,202.53,1
Hailey Villa,Male,"5620 Franco Tunnel
Debramouth, KS 45329",05/17/2023,Clothing,110.22,2
Stephanie Simmons,Male,"6757 Walsh Inlet Suite 420
New Danielchester, NE 40657",09/08/2023,Gardening,35.19,2
Tanya Norton,Female,"5632 Kristen Light
Johnsonmouth, MN 94786",01/30/2024,Food,26.38,2
Sergio Martinez,Male,"4556 Todd Road Suite 400
Williamsside, NH 23028",07/10/2023,Gardening,163.62,2
Bryan Berry,Male,"393 Lee Center Suite 133
South Justinberg, AL 71314",07/03/2023,Gardening,48.04,3
Sharon Guzman,Male,"8291 Peters Manor Suite 267
North Tracychester, KY 03480",06/23/2023,Clothing,215.02,1
Brent Hardin,Female,"5119 Poole Port
South Deniseland, WI 60964",11/29/2023,Gardening,165.59,2
Robert Ware,Male,"19333 Brewer Port Suite 773
West Melody, OK 65834",10/21/2023,Food,35.2,4
Henry Mccormick,Male,"3542 Patricia Extension Suite 867
Lake Yvonnemouth, MT 05079",09/30/2023,Food,27.79,4
Joe Walker,Male,"533 Monica Roads Apt. 544
Morenoside, CA 11223",05/25/2023,Gardening,120.59,3
Kristen Welch,Male,"2216 Ana Mission
Kleinfort, NE 74063",12/01/2023,Gardening,128.84,1
Joshua Holder DDS,Female,"4557 Bridges Square
Richardhaven, WA 17236",04/30/2024,Books,36.82,2
Kyle Williams,Male,"431 Rodriguez Inlet
Lake Rhonda, CT 06334",01/26/2024,Food,35.36,4
Karen Hensley,Female,"98506 Galvan Island
Denisestad, AR 42369",07/14/2023,Electronics,1922.09,3
James Reynolds,Female,"PSC 4442, Box 7065
APO AP 70786",06/11/2023,Food,48.22,2
Mallory Bonilla,Female,"433 John Station Suite 252
Karaborough, TX 47423",12/09/2023,Clothing,93.19,5
Terri Gilmore,Female,"4081 Kevin Mission Apt. 190
Dawsonside, CT 72200",11/05/2023,Clothing,272.88,2
Mark Williams,Female,"32788 Megan Mission Apt. 732
Hernandezland, HI 02368",06/05/2023,Food,41.42,1
John Patel,Male,"220 Joseph Brooks Suite 264
New Russellshire, NJ 90229",10/26/2023,Electronics,227.5,3
Maria Stokes,Female,"910 Caleb Neck Apt. 055
Codyhaven, TX 95136",09/02/2023,Food,29.84,2
Lisa Berry,Female,"375 Spencer Summit
North Shelly, KY 12620",06/14/2023,Clothing,191.18,5
Victoria Delgado,Female,"42021 Jackson Circles Suite 451
New Andre, ME 56427",09/04/2023,Clothing,265.44,4
Stefanie Lopez,Female,"78092 Kelly Field Suite 214
North Marcport, MA 84084",12/29/2023,Books,92.74,2
Scott Davis,Female,"05331 Nelson Village
Kellyfurt, AK 46957",11/05/2023,Books,90.57,4
Gary Christensen,Female,"60557 Chad Overpass Apt. 617
Kiaratown, MT 51115",02/19/2024,Electronics,1513.77,4
Joel Hamilton,Female,"585 Parker Junction Apt. 767
New Marissahaven, MA 31035",12/08/2023,Gardening,70.62,5
Sonya Gibson,Female,"596 Timothy Prairie
East Leslie, IN 63078",03/02/2024,Electronics,957.08,3
Jonathon Lynch,Female,"6204 Maria Point
Williamtown, OH 98471",05/25/2023,Food,15.13,3
Kelly Torres,Male,"7136 Baker Cliffs
Thomasland, WI 42082",06/22/2023,Food,5.06,5
Linda Monroe,Male,"42169 Larson Freeway Apt. 940
East Thomas, MH 48550",07/27/2023,Clothing,76.29,5
Joshua Jones,Male,"PSC 8134, Box 4306
APO AA 44175",02/16/2024,Food,19.36,1
Lawrence Mullins,Female,"77499 Stephanie Ports Apt. 271
Timothyport, NV 57914",07/20/2023,Gardening,139.97,1
Rachel Christian,Female,"119 Smith Haven Suite 410
Patriciaville, IA 88608",06/23/2023,Gardening,99.15,1
John Moody DVM,Female,"42821 Williams Pass
Carolineview, ND 32109",04/11/2024,Food,14.91,2
Sarah Patterson,Female,"75979 Whitney Camp
West Ryan, GA 96947",02/19/2024,Gardening,150.12,2
Carmen Morris,Male,"3305 Gaines Lane Suite 477
Port Cody, OR 85734",10/08/2023,Clothing,72.34,3
Makayla Nguyen,Female,"63056 Zachary Courts Suite 343
North Joshua, MT 38231",10/21/2023,Food,17.61,5
Paige Moreno,Female,"917 Cox Valley Apt. 258
East Karen, SD 13909",07/01/2023,Food,41.64,4
Jaime Patel,Female,"471 Angel Causeway Suite 262
New Dakota, AK 15359",06/04/2023,Clothing,94.53,3
Harry Stewart,Male,"USCGC Chan
FPO AP 06680",07/09/2023,Electronics,1322.4,5
Jason Rollins,Male,"2524 Alexander Hill
Lake Rhonda, DE 91960",11/09/2023,Electronics,1136.41,3
Leah Thompson,Male,"8507 Renee Points Apt. 352
Melanieshire, IA 02922",01/03/2024,Clothing,52.41,4
Jacqueline Cooper,Male,"86654 Carey Lodge Apt. 985
Robertland, WV 22469",07/05/2023,Electronics,1911.02,4
Kyle Flores,Male,"3963 Fox Plaza
Dawnborough, RI 96356",09/24/2023,Books,70.68,1
Angela Graham,Female,"74471 Christensen Village Apt. 719
Lake Richard, MH 18231",06/03/2023,Clothing,205.19,1
Amber Fitzpatrick,Male,"PSC 1633, Box 8366
APO AE 31359",08/09/2023,Food,8.07,4
Andrew Mckinney,Female,"527 Peter Motorway Suite 790
North Krystaltown, CO 01684",03/31/2024,Food,15.58,1
Lauren Chavez,Male,"50665 Cunningham Via Apt. 404
Michaelborough, MD 18702",07/17/2023,Food,16.93,5
Heather Torres,Female,"21880 Kevin Field
Chenland, NH 40536",11/22/2023,Clothing,112.74,3
Maria Cabrera,Male,"9801 William Flat Apt. 171
Zacharyshire, ID 40489",03/16/2024,Food,45.94,4
Juan Williams,Male,"24547 Oconnor Mill
Veronicachester, WA 77787",04/27/2024,Food,48.84,4
Leah Herrera,Female,"88012 Mccarthy Way
North Shelby, WV 56908",08/18/2023,Food,37.44,1
Kathryn Thompson,Female,"Unit 3407 Box 4107
DPO AA 97450",11/03/2023,Gardening,62.83,4
Brandon Welch,Male,"444 Amanda Pines
Lake Amy, MP 58898",07/27/2023,Food,41.23,1
Christina Lopez,Female,"PSC 2857, Box 9945
APO AE 21640",05/23/2023,Food,17.67,5
Terry Rodriguez,Male,"08877 Taylor Pines Suite 900
North Emily, MI 46391",04/11/2024,Electronics,255.99,3
Stephen Campbell,Male,"USNV Stewart
FPO AP 13213",07/09/2023,Books,21.34,4
Timothy Brady,Female,"943 Matthew Key
Port Denise, WY 75954",09/11/2023,Food,48.84,5
Mrs. Linda Lambert PhD,Male,"1941 Hill Park
Danielletown, AL 60712",09/19/2023,Electronics,1167.36,4
April Holden,Male,"1858 Curry Street Suite 548
Lake Peter, ID 47580",03/25/2024,Clothing,86.86,5
Elizabeth Brown,Male,"03036 David Grove Apt. 750
New Williamport, FL 53753",12/14/2023,Clothing,293.78,4
Diane Adams,Male,"27081 King Forks Apt. 810
Joyceview, WY 42170",12/10/2023,Electronics,1286.76,3
Luis Miller,Male,"019 Garcia Corner
Christinaton, WY 57074",11/30/2023,Electronics,418.86,3
Lauren Olson,Female,"05225 Lawson Spring
Haileyburgh, AK 45517",05/04/2024,Books,28.61,1
Larry Coleman,Female,"10701 Sean Summit Apt. 889
West Regina, MO 42513",03/04/2024,Clothing,103.2,1
Wayne Harris,Female,"446 Lowe Squares Apt. 926
New Aaron, FL 69877",06/29/2023,Clothing,104.45,3
Nicole Santana,Male,"0786 Rebekah Branch
Hughesborough, MS 44709",04/24/2024,Clothing,284.76,2
Paula Forbes,Female,"9101 Kristin Walks Suite 642
New Jennifer, VI 12522",06/04/2023,Clothing,211.7,4
Crystal Castro,Male,"2332 Bonnie Brooks
East Cynthiafurt, IA 17232",02/07/2024,Food,17.38,2
Kimberly Charles,Male,"17737 Ryan Stravenue
Wilkinsfurt, FL 60548",05/26/2023,Gardening,149.39,2
Pamela Wilson,Male,"309 Angela Centers
Angelaborough, AZ 78989",02/17/2024,Gardening,30.31,4
Jared Owen,Female,"66622 Lester Trail Apt. 847
Devontown, WV 95964",10/14/2023,Clothing,160.92,4
Brenda Cummings,Female,"3299 King Spring Apt. 794
Joshuaside, NC 88855",07/08/2023,Clothing,90.48,1
Mary Fields,Male,"5815 Phillips Vista
Stevensfort, VT 44070",06/01/2023,Food,16.29,3
Jason Wallace,Male,"96434 Newman Neck Suite 064
North Isaac, IA 83928",07/02/2023,Food,39.5,5
Allison Washington,Male,"USS Lyons
FPO AP 81248",01/16/2024,Clothing,189.82,5
Gregory Jimenez,Female,"20503 Ashley Camp
Carterville, PW 60740",11/12/2023,Clothing,209.76,2
Robert Martin,Male,"382 Yu Greens Apt. 877
South Curtis, MT 22420",03/17/2024,Gardening,24.57,5
Taylor Wallace,Male,"3477 James Ways
West Robinburgh, TN 44691",01/19/2024,Electronics,971.52,5
Nicholas Adams,Female,"2383 Humphrey Falls
Walkerland, OR 21852",01/06/2024,Clothing,294.83,3
Jennifer Wheeler,Male,"158 Church Cape Apt. 891
Kennethberg, CA 40602",03/16/2024,Gardening,195.74,1
Valerie Sanchez,Male,"69810 Cameron Valleys
Lake Richard, FL 61090",02/11/2024,Clothing,243.57,4
Aaron Johnson,Male,"69033 Jordan Brook
Jennamouth, SC 18316",12/31/2023,Gardening,175.09,3
Mark Welch,Female,"PSC 4929, Box 9752
APO AE 62140",01/28/2024,Electronics,364.62,3
Nicole Watkins,Male,"Unit 0957 Box 0119
DPO AE 09586",06/04/2023,Electronics,767.82,1
Charles Parsons,Female,"42525 David Corner Apt. 460
West Rebecca, SC 26064",01/28/2024,Gardening,126.66,4
Andrew Castro,Male,"474 Young Highway
New Jessehaven, PA 71563",09/15/2023,Electronics,378.4,5
Jennifer Ingram,Female,"88175 David Turnpike Suite 419
Madisonhaven, VA 69420",01/19/2024,Electronics,989.61,5
Jeffrey Rose,Male,"90897 Edwards Mountains
North Jessicaport, HI 98060",04/06/2024,Electronics,1813.56,1
Ryan Thompson,Male,"7063 Lee Crest Apt. 376
Lake Jennifer, PW 97662",03/23/2024,Food,27.92,1
Brian Myers,Male,"984 Kurt Island Apt. 232
Scottfurt, PA 41854",02/12/2024,Clothing,236.75,3
Lisa Herrera,Male,"PSC 4548, Box 4693
APO AA 24926",11/10/2023,Clothing,73.05,4
Jasmine Tate,Male,"763 Brown Island
Villarrealland, HI 37295",05/07/2024,Food,39.12,3
Timothy Hardin,Female,"USNV Reid
FPO AA 87369",09/17/2023,Books,58.23,3
Jordan Michael,Male,"23007 Graves Center Apt. 134
New Raymondton, NV 73632",11/16/2023,Electronics,257.24,5
Brittany Norman,Female,"2837 Swanson Flats
East Jessica, AR 92233",02/22/2024,Gardening,178.22,2
Angela Evans,Female,"550 Kristine Ports Apt. 786
New Kimberlyport, DC 21843",10/06/2023,Clothing,110.44,1
April Clarke,Female,"3156 Powers Alley
Kirkland, WA 59300",02/20/2024,Electronics,1597.69,4
Michael Ramirez,Female,"5563 Mays Lights Suite 505
East Michael, CO 38388",06/22/2023,Electronics,367.1,1
Dorothy White PhD,Female,"623 Cruz Glens Suite 495
Anitaland, UT 45105",08/27/2023,Clothing,188.41,2
Sara Dillon,Female,"4931 Mitchell Shoal
Carlmouth, NC 27359",03/06/2024,Gardening,51.99,4
Jennifer Guzman,Male,"49496 Joel Manors Apt. 856
West Shannon, DC 82120",01/23/2024,Clothing,155.44,1
Wesley Li,Female,"92548 Zachary Club
Piercefort, FM 14876",06/10/2023,Gardening,82.27,5
Brian Baker,Female,"91892 James Shoals
South Julieland, NH 63957",04/25/2024,Gardening,73.72,5
Caitlin Woods,Female,"881 Hunter Spring
Jessicaborough, NY 72805",07/27/2023,Electronics,1100.73,5
Brandon Simon,Male,"38227 Rachel Port
Ricardoshire, SC 85957",08/15/2023,Electronics,1578.74,5
Cindy Silva,Female,"424 Klein Dam
South Paul, MN 24079",06/03/2023,Electronics,1452.69,3
Nicole Deleon,Female,"7342 Russo Station
South Melanieport, MT 81942",06/29/2023,Gardening,96.28,1
Mr. Robert Ramos,Male,"2656 Anne Turnpike
Patrickbury, MS 14653",04/16/2024,Electronics,1803.39,2
Kevin Scott,Male,"70990 Zachary Brook Apt. 894
East Martin, CO 75727",01/09/2024,Electronics,1240.75,4
Jeffrey White,Male,"484 Jason Street Suite 941
New Jamesland, WI 71865",05/16/2023,Electronics,617.41,5
Jennifer Jones,Female,"45294 Rodgers Plain Suite 275
South Williamburgh, KY 71687",02/02/2024,Electronics,1642.76,5
Christina Black,Female,"USCGC Gregory
FPO AE 41239",03/30/2024,Clothing,269.9,2
Francis Sanchez,Male,"433 Seth Radial
Stefaniemouth, IL 33489",01/25/2024,Electronics,1665.44,5
Margaret Johnson,Male,"0369 Bowman Rapid Suite 283
Lake Michael, NE 95846",03/27/2024,Books,52.67,5
Mrs. Makayla Salazar,Female,"05035 Taylor Lane
South Carrie, NM 18894",11/08/2023,Clothing,62.02,5
William Roberts,Male,"1853 William Cliff
Allenbury, NV 67994",09/02/2023,Books,99.52,4
Jesse Valencia,Male,"492 Tom Point Suite 830
Palmerberg, MH 15521",11/04/2023,Books,93.92,4
Jason Jones,Female,"39466 Montgomery Groves Apt. 047
Harperberg, GA 67385",01/09/2024,Gardening,90.04,2
Tammy Ray,Male,"51813 Rodriguez Fields Apt. 585
Lake Victoria, MN 33513",05/04/2024,Electronics,1554.0,5
Scott Douglas,Female,"395 Robert Grove Suite 049
Morganton, DC 91560",04/25/2024,Gardening,101.8,5
Jay Wilson,Female,"312 Pitts Extension Apt. 993
Chavezside, WI 22834",11/05/2023,Food,25.07,4
Jenny Cross,Male,"0625 Jessica Station Apt. 240
Port Anthony, VA 40809",09/08/2023,Gardening,78.03,5
Stacey Adkins,Male,"1569 Deborah Pine
Lake Matthewtown, VT 29386",04/23/2024,Gardening,56.1,3
Peter Ramirez,Female,"3209 Andrea Loop
Port Madisonmouth, MP 38109",08/28/2023,Clothing,170.48,4
Krista Reed,Male,"042 Mccullough Bypass Suite 222
Tylerberg, NY 45840",04/28/2024,Food,27.61,4
Robert Rocha,Male,"972 Smith Lock Suite 238
Schwartzland, MO 16589",02/26/2024,Food,28.09,4
Michele Hawkins,Female,"7624 Aaron Forge
Johnchester, OH 55283",03/02/2024,Gardening,99.53,5
Crystal Carter,Female,"61647 Mark Knolls
East Kristen, AS 43355",07/16/2023,Food,24.25,3
James Ward,Female,"2780 Christine Stream
Lake Luisstad, IN 97130",05/09/2024,Gardening,91.6,5
Donna Santos,Female,"308 Matthew Rapids Apt. 583
Sheilamouth, VA 15790",04/21/2024,Food,6.08,5
Bryan Brown,Male,"391 Sandra Ville
Ibarraview, AS 35523",04/11/2024,Clothing,51.39,2
Carla Mercer,Female,"7444 Medina Haven
West Jacqueline, CO 38348",05/08/2024,Food,22.17,5
Barbara Camacho,Male,"8726 Sandra Spring Suite 867
East Ryan, OH 98332",06/20/2023,Clothing,145.64,5
Adam Jones,Male,"327 Cindy Loop
Kyleton, MA 98897",11/11/2023,Food,39.81,4
Regina Braun,Male,"693 Barton Branch
Stewartfurt, KY 21798",01/05/2024,Electronics,1996.37,4
Cynthia Wood,Female,"88513 Lopez Cliffs Suite 454
Michelleton, MD 02374",08/25/2023,Food,46.61,1
Brandi Rodriguez,Male,"04943 Joseph Isle
Port Todd, WV 39703",06/10/2023,Electronics,1399.55,1
Kristin Scott,Male,"9473 Stephanie Loop
North Richardborough, AS 18998",04/02/2024,Gardening,96.2,3
Mark Smith,Male,"251 Goodman Motorway
East Jacobside, GU 12434",11/02/2023,Food,18.95,1
Shaun Hunter,Female,"8607 Hernandez Brooks
North Brett, IN 51340",09/27/2023,Gardening,135.99,1
David Johnson,Female,"24692 Miller Views Suite 993
Port Cindy, SD 82184",10/16/2023,Electronics,1653.39,4
Ronald Sanchez,Female,"Unit 6728 Box 5538
DPO AE 38715",07/05/2023,Clothing,97.45,5
Corey Chen,Male,"181 Le Well Suite 040
Goodwinfort, WY 99063",07/11/2023,Electronics,427.3,2
Raymond Schwartz,Male,"27036 Hernandez Lock Suite 787
West Randy, NC 48955",03/01/2024,Electronics,969.28,4
Stacey Clay,Male,"5676 Myers Squares
Hernandezfurt, UT 94331",10/01/2023,Gardening,46.96,2
Miguel Wilson,Male,"3783 Wendy Ways Apt. 565
Jonathanport, IA 81052",06/05/2023,Gardening,35.34,5
Nicholas Long,Female,"63251 Stephen Loaf
Johnsonland, KS 49356",06/07/2023,Clothing,274.04,1
Caitlin Cabrera,Female,"8511 Deborah Stravenue
South Melodyport, VA 77539",11/22/2023,Clothing,94.44,4
Derek Gonzales,Female,"9927 Joanna Brook Apt. 718
Vargasport, AS 99795",11/17/2023,Gardening,24.75,4
April Wagner,Male,"920 Michelle Estates
Ericksonmouth, SD 66623",09/06/2023,Clothing,262.88,5
Brad Simmons,Male,"289 Wright Rue Apt. 304
Wrighttown, NH 67897",01/21/2024,Food,42.29,1
Desiree Pennington,Male,"PSC 8236, Box 5855
APO AP 12140",03/05/2024,Food,11.0,2
Tyler Delacruz,Male,"4950 Johnson Radial
Nguyenville, NM 77738",10/26/2023,Electronics,1119.35,4
Amber Duncan,Female,"1701 Brenda Valleys Suite 139
West Kristinchester, NC 20473",01/04/2024,Clothing,242.66,5
Kathryn Mitchell,Male,"463 Michaela Oval
Cartertown, AS 58387",06/14/2023,Gardening,66.81,3
Charles House,Female,"1389 Vincent Mission
Johnsonberg, CO 02927",11/18/2023,Books,24.54,2
Karen Tran,Male,"877 Medina River
East Edwardmouth, WV 49628",11/16/2023,Clothing,222.9,4
Ronald George,Female,"365 Flores Gardens
South Jared, NY 41529",01/24/2024,Clothing,61.46,4
Wendy Fischer,Female,"1339 Brown Island Suite 844
Stephensside, OK 60536",03/17/2024,Clothing,172.27,4
Austin Cochran,Female,"1439 Jennifer Brook Apt. 074
Lake Adrian, IL 45133",06/04/2023,Clothing,266.74,4
Travis Johnson,Female,"167 David Flats Suite 979
Lake Kimberly, AR 18094",02/25/2024,Food,40.77,1
Tanya Moreno,Female,"9886 Stephen Ports
Russofurt, VT 53173",09/14/2023,Food,37.83,1
Cory Ramirez,Male,"39344 Chad Terrace Apt. 481
New Rachel, TX 64179",05/20/2023,Clothing,286.15,3
Christopher Hopkins,Male,"727 Reid Radial
Cannonborough, MT 24319",10/15/2023,Clothing,233.35,2
Gregory Harmon,Female,"5765 Hall Valley
East Patricia, ND 90763",02/04/2024,Clothing,221.61,1
Kelly Maldonado,Male,"445 Ward Square
Nashhaven, NY 05293",01/23/2024,Clothing,191.6,1
Harold Acevedo,Male,"763 Vicki Mill
East Derrick, AR 18521",05/18/2023,Electronics,462.54,4
Natalie Moore,Female,"Unit 5029 Box 3561
DPO AA 06850",11/22/2023,Books,59.35,3
Wanda Adams,Female,"4074 Helen Manors
Port Timothyburgh, MS 58769",09/02/2023,Gardening,40.46,4
Alan Nguyen,Female,"38364 Preston Motorway
Ritterside, CO 32928",05/18/2023,Clothing,163.96,1
Jennifer Fuller,Male,"378 Schwartz Lake
North Brianshire, CA 88162",12/13/2023,Electronics,1631.74,3
Terry Grant,Female,"PSC 6039, Box 6546
APO AP 67035",11/23/2023,Electronics,1269.66,1
Tabitha Finley,Female,"481 Hernandez Glen Apt. 324
Claytonmouth, GU 99091",12/31/2023,Food,45.24,3
Peter Rhodes,Female,"894 Marissa Club Suite 438
North Thomas, MA 17210",10/11/2023,Electronics,791.83,1
Tyler Pham,Female,"6743 Smith Plains
West Sandy, IN 56330",10/21/2023,Clothing,262.74,4
Thomas Miller,Male,"22039 Daniels Union Apt. 463
East Christopherport, AR 32242",02/28/2024,Gardening,22.83,2
Cassie Harris,Male,"15188 Alexandra Islands
Stephaniefurt, FL 11817",08/17/2023,Food,47.87,3
Dr. Michael Moore,Female,"69939 Thomas Pine
North Davidport, MT 02960",03/03/2024,Books,96.05,4
Henry Thomas,Female,"495 Brian Mountain
South Katherine, WY 15319",10/01/2023,Electronics,926.7,1
Danielle Sawyer,Female,"PSC 8216, Box 8762
APO AP 59489",10/29/2023,Clothing,123.28,1
Melissa Powell,Male,"11773 Morgan Ridge Suite 921
Kylehaven, ME 69906",01/13/2024,Clothing,136.24,4
Mr. Steven Johnson,Male,"15919 Sanchez Walks
Garcialand, OH 30826",10/13/2023,Books,77.06,5
John Alvarado,Female,"448 Owens Expressway
New Keith, PA 03352",07/17/2023,Food,28.41,3
Natalie Cuevas,Male,"72140 Derrick Crossroad Suite 706
Port Michaelshire, KS 05111",12/22/2023,Books,36.79,4
Matthew Wood,Male,"966 James Neck
North Jeffreymouth, MA 86895",08/23/2023,Books,81.73,4
Carolyn Davis,Female,"93595 Walker Drive
Smithburgh, RI 89849",05/15/2023,Books,21.25,2
Megan King,Male,"470 Cain Ferry
Meaganland, KS 81727",09/03/2023,Clothing,167.76,5
Michele Jordan,Male,"3512 Rita Freeway Apt. 938
Katherinemouth, RI 09084",04/27/2024,Clothing,166.52,5
Anthony Browning,Male,"78500 Elizabeth Row
South Jenniferville, CA 70538",04/03/2024,Electronics,1753.94,3
Timothy Shepherd,Male,"795 Silva Square
Watkinsfort, AL 68901",01/14/2024,Electronics,1637.89,4
Michael Wolfe,Male,"61110 Daniel Dam Apt. 093
West Michael, ND 53825",03/07/2024,Food,20.8,1
Amy Hoffman,Male,"532 Perez Dam
Allisonborough, MH 24995",05/10/2023,Electronics,547.76,2
Richard Cook,Male,"8859 Salazar Trail Apt. 715
New Jennifershire, WA 78067",02/27/2024,Clothing,61.15,4
Patrick Gordon,Female,"177 Bryant Streets
North Michaelton, MI 23378",01/16/2024,Clothing,197.54,1
Kathleen Murphy,Male,"167 Hernandez Club
Clarkport, NM 10783",10/31/2023,Gardening,156.64,4
Alex Beck,Male,"10793 Williams Plaza Suite 650
Cooperport, VA 24230",02/14/2024,Clothing,67.22,1
Pamela Garza,Female,"589 Parker Gardens Apt. 100
Sarahborough, IL 28809",06/27/2023,Electronics,429.19,1
Dr. David Hayes,Male,"Unit 2782 Box 9562
DPO AP 38636",11/05/2023,Food,22.96,5
Scott Norris,Male,"81419 Ryan Hill Suite 684
Snyderside, NJ 86629",01/12/2024,Electronics,1869.34,4
Thomas Barnes,Female,"Unit 2458 Box 6100
DPO AA 85561",02/11/2024,Clothing,213.16,4
Thomas Walker,Female,"334 Vargas Mountain Apt. 133
Yorkhaven, AR 41445",05/13/2023,Gardening,69.45,4
Emily Peterson,Female,"99153 Gordon Row Apt. 293
Hansenside, AZ 83570",01/08/2024,Clothing,281.03,5
Thomas Bradley,Female,"25953 Perry Centers
South Phillipview, ID 46110",01/07/2024,Food,19.41,5
Jesus Prince,Female,"36183 Roberts Drive Apt. 033
Lake Nathanberg, DE 19473",06/01/2023,Gardening,142.45,1
Rebecca Stanton,Female,"110 Andrew Forge Suite 980
Lake Kristenmouth, MI 50212",11/06/2023,Books,23.69,2
Douglas Farmer,Male,"818 Julia Ranch
Wilsonbury, MN 32123",09/10/2023,Clothing,158.97,4
Peter Benson,Female,"55918 Edwin Ridges Apt. 900
Alisonchester, DC 07230",02/25/2024,Food,35.68,5
Alexander Smith,Female,"0796 Gonzalez Glens
West Nathanielfort, NC 24934",11/30/2023,Electronics,401.8,2
Christina Sweeney,Male,"2333 Hill Streets Suite 523
Port Christine, CT 13015",03/29/2024,Clothing,54.09,4
Timothy Hines,Male,"89984 John Causeway Apt. 084
Thomasmouth, MS 85016",11/26/2023,Clothing,299.51,1
William Riggs II,Male,"5562 Christy Crest Apt. 186
Port Maryton, DC 85564",06/25/2023,Clothing,205.8,1
Melanie Johns,Male,"1598 Cameron Landing Apt. 812
Petersontown, ND 36445",03/26/2024,Clothing,118.88,2
Caitlin Johnson,Male,"19754 Heather Burgs Apt. 131
Gabriellafort, CO 57428",10/12/2023,Electronics,1960.52,4
Robert James,Female,"03236 Richard Pike Apt. 169
Lisahaven, IL 41389",08/04/2023,Electronics,330.91,4
David Miller,Male,"PSC 0723, Box 5717
APO AA 52011",03/31/2024,Clothing,161.5,3
Patrick Baker,Male,"18523 Daniel Turnpike
New James, OK 88353",01/22/2024,Food,47.77,5
April Duran,Male,"07782 Peterson Common Apt. 453
East Laura, NV 02978",07/27/2023,Electronics,454.66,5
Carol Phillips,Male,"48176 Robinson Cliff Apt. 727
Claudiaborough, FL 45720",01/10/2024,Books,28.05,2
Andrea Long,Male,"003 Jacqueline Hills
Andersonport, AZ 06434",08/01/2023,Food,27.31,4
John Jackson,Female,"38098 Bennett Radial
Lake Kristenshire, MA 06171",02/05/2024,Gardening,61.76,3
Christina Brown,Female,"434 Danny Garden Suite 590
Amandaland, KY 43889",01/05/2024,Food,8.6,1
James Turner,Male,"6535 Brown Pass Suite 015
Patrickmouth, FL 79032",08/11/2023,Gardening,149.62,1
Aaron Stokes,Female,"905 Oliver Heights Suite 802
South Michaelfort, AS 64171",06/26/2023,Gardening,125.04,3
Mark Barker,Male,"0316 Steven Canyon Suite 427
Port Christophertown, DC 60827",01/13/2024,Gardening,182.97,1
Erica Blake,Female,"647 Benjamin Heights Apt. 898
Johnsonchester, TX 97501",06/16/2023,Electronics,961.78,4
Nancy Case,Male,"4632 Ray Prairie Suite 959
Ericchester, NY 41004",07/28/2023,Gardening,134.83,4
Christopher Davenport,Female,"4916 Mallory Mission Suite 260
Shellyview, MO 32514",03/05/2024,Gardening,150.81,4
Kristen Pitts,Male,"8713 Myers Plains Suite 972
New Scott, ME 20710",11/07/2023,Electronics,1982.57,3
Kevin Richard,Male,"334 Hill Valley
South Reginald, VI 65240",11/13/2023,Books,56.82,4
Steven Smith,Female,"PSC 4117, Box 7266
APO AA 23951",04/30/2024,Gardening,150.99,3
Arthur Hawkins,Female,"26363 Rodgers Ports
North Brian, SD 74190",12/23/2023,Food,36.44,4
Mark Blake,Male,"83281 Sarah Road Apt. 939
Henrystad, AK 67364",07/22/2023,Electronics,1183.86,3
Thomas Brown,Male,"9346 Richard Ridge
Christineview, OK 53984",07/05/2023,Food,33.8,4
James Greene,Female,"42345 Moore Stravenue
Dominiquemouth, NV 59742",08/05/2023,Food,10.73,4
Cynthia Adams,Male,"06135 Michael Plain Suite 738
South Andrewview, PW 65523",06/14/2023,Clothing,230.66,5
Sarah Campbell,Female,"42401 Patricia Turnpike Suite 763
West Katelynberg, VI 52833",04/05/2024,Books,42.8,2
Charles Mendez,Female,"11795 Mary Causeway Apt. 532
Port James, NM 85290",04/22/2024,Gardening,119.28,2
Justin Moss,Female,"306 Dave Summit Apt. 545
Johnland, CO 31911",05/25/2023,Books,37.62,4
Joshua Schmitt,Male,"06391 Anthony Parks Apt. 940
West Thomasfort, SC 74846",07/10/2023,Food,40.2,1
Jason Wilkins,Female,"4260 Colin Light
New Kevinburgh, WA 88380",06/11/2023,Food,23.3,4
Donald Lopez,Female,"6711 David Curve Apt. 583
New Michael, PW 25785",02/04/2024,Food,17.18,3
Brandon Brown,Female,"PSC 6013, Box 4948
APO AA 52689",02/02/2024,Electronics,1307.98,1
Emily Acosta,Female,"83047 Melissa Lodge
Port Sarah, CO 81455",03/25/2024,Food,31.38,3
Tammy Green,Male,"PSC 1233, Box 1371
APO AA 99415",04/09/2024,Electronics,463.28,2
Katherine Taylor,Male,"14056 Gregory Loop
Michaeltown, MN 32341",09/08/2023,Clothing,275.26,1
Bobby Adams,Female,"707 Cheryl Lodge Suite 313
Bryceton, IN 91231",09/07/2023,Clothing,241.78,2
Austin Hendrix,Male,"10361 Ernest Neck
Lake Markbury, ND 70277",12/19/2023,Books,71.91,3
Christopher Yang PhD,Female,"8324 Payne Expressway
North Douglas, NV 34776",06/03/2023,Clothing,190.98,2
Clayton Walsh,Female,"538 Hernandez Brook
Scottside, NH 52132",03/20/2024,Electronics,1927.99,4
Fred Powers V,Female,"51964 Ortega Trafficway
West Kristen, MO 88009",07/15/2023,Food,47.11,5
Sherry Anderson,Female,"899 Ann Wall
Shepardville, HI 07871",10/22/2023,Electronics,1734.38,3
Travis Watson,Female,"754 Ray Causeway Apt. 636
Herrerahaven, MH 21686",07/24/2023,Clothing,190.13,5
Anthony May,Male,"9163 Wilson Viaduct Suite 792
Bakerberg, PA 30531",12/17/2023,Clothing,231.24,5
Diamond Pierce,Male,"12838 Kristy Heights
South Pamela, MO 16173",08/07/2023,Gardening,176.42,3
Lisa Nunez,Male,"08663 Bowen Land Suite 692
East Abigail, FM 83771",04/26/2024,Clothing,147.14,3
Valerie Leon,Male,"344 Aguilar Walks Apt. 105
Christinaland, NE 73117",04/07/2024,Gardening,123.85,3
Eric Sanders,Female,"82637 Kim Stream Apt. 433
Melissaton, CT 94760",11/30/2023,Clothing,102.85,2
Daniel Jennings,Male,"782 John Pine Suite 422
West Sandrastad, DE 23349",01/03/2024,Food,20.08,1
Joseph Wheeler,Female,"117 Cole Plains
South Shannonborough, NY 80704",10/22/2023,Food,25.39,2
Brian Phelps,Male,"5963 Leslie Trace Suite 480
North Alexander, RI 22409",06/30/2023,Food,11.68,5
Dean Ramirez,Male,"2764 Carney Wells Apt. 957
Jensenmouth, GU 24965",09/06/2023,Books,34.2,3
Jonathan Herrera,Male,"1520 Thomas Heights
Kennethland, IN 06426",08/29/2023,Electronics,1031.56,4
Kenneth James,Female,"93491 Joshua Corners
Amandashire, MH 42470",12/03/2023,Food,34.95,1
Sarah Caldwell,Male,"093 Carlos Prairie Suite 956
East Jesse, PR 37926",06/07/2023,Gardening,29.24,4
Christopher Valdez,Male,"4368 Melissa Dam Suite 714
North Elizabeth, DC 34417",02/08/2024,Clothing,240.9,3
Matthew Stout,Female,"121 Jennifer Run
Gentryburgh, NY 77588",11/22/2023,Electronics,631.11,4
Robert Castillo,Male,"Unit 5579 Box 0888
DPO AA 19551",06/08/2023,Food,10.9,5
Ryan Smith,Female,"11428 Karen Plain
South Ronaldmouth, OR 36176",01/10/2024,Clothing,203.01,5
William Harrison,Female,"4815 Jones Cove
Lake Jose, FM 19572",03/15/2024,Gardening,111.54,3
Rebecca Chaney,Male,"463 Whitaker Drive Apt. 969
Josephfort, ID 17000",01/10/2024,Clothing,263.06,1
Deborah Shields,Male,"354 Valencia Row
Pierceview, GA 24698",08/14/2023,Clothing,163.44,4
Alicia Russell,Male,"56545 Jill Tunnel
Gonzalezfort, AK 99654",05/30/2023,Electronics,846.28,5
Alexis Rivera,Male,"257 Daniel Summit Suite 963
Lake Daniel, DC 24566",09/24/2023,Clothing,67.16,5
John Marshall,Male,"63064 Sanchez Drive
Julieland, RI 86411",12/31/2023,Clothing,65.38,1
Lori Pratt MD,Female,"Unit 8280 Box 3693
DPO AE 10545",09/23/2023,Gardening,102.25,3
Patrick Warren,Male,"1412 Zamora Street Suite 249
Watersberg, MA 64498",12/22/2023,Clothing,75.59,4
Kelly Butler,Male,"7677 Gutierrez Mall
North Timothy, MO 50472",08/27/2023,Clothing,299.28,2
Adam Mccarthy,Female,"697 Craig Rest Suite 084
Port Samantha, MD 59287",01/10/2024,Electronics,1011.98,3
Michael Carlson,Male,"14750 Osborn Stravenue
Millerview, LA 00984",03/06/2024,Electronics,1298.62,2
Cynthia Frost,Male,"9186 Tricia Spur Apt. 035
Juanview, KS 86349",02/02/2024,Gardening,143.02,5
Deborah Jordan,Male,"94579 Andrew Vista Suite 975
Alishashire, ND 50288",09/14/2023,Gardening,83.13,3
Mrs. Donna Hull,Male,"3666 Michael Island Suite 026
Port Charles, NY 15630",04/13/2024,Electronics,1522.3,2
Lisa Madden,Female,"PSC 5170, Box 3998
APO AP 25895",10/06/2023,Clothing,243.19,1
Julia Martin,Female,"9789 Fields Flat Apt. 412
Arroyoshire, AR 69717",10/25/2023,Food,10.66,5
Nicholas Reese,Male,"454 Clark Plain
Lake William, TN 63131",02/10/2024,Electronics,1926.9,1
Patricia Johnston,Male,"88426 Woodard Well
Lisaside, WY 62476",11/02/2023,Food,40.07,2
Sean Rodriguez,Female,"896 Collins Lock Suite 300
West Andrewton, AZ 90919",04/20/2024,Electronics,1022.51,1
Sandra Davis,Male,"410 King Stravenue Apt. 389
New Andrea, NY 03358",04/22/2024,Gardening,70.52,3
Erin Hancock,Female,"77400 Gross Common
South Davidville, IA 52562",01/18/2024,Clothing,134.06,1
Marissa Parrish,Male,"984 Brown Plaza Suite 292
Willisport, NH 07298",10/29/2023,Food,17.74,2
Randy Braun,Female,"PSC 2288, Box 0787
APO AA 66803",05/17/2023,Gardening,195.44,1
Denise Rodgers,Male,"830 Phillip Divide
West Julie, OH 73225",09/22/2023,Clothing,57.65,5
Nancy Hughes,Female,"637 Linda Walks Suite 193
South Elizabeth, FM 43488",04/29/2024,Clothing,55.91,1
Kevin West,Male,"2074 Flores Inlet
New Jacobshire, PW 87297",07/18/2023,Electronics,1451.77,4
Barry Wilson,Female,"08030 Ashley Mountains
South Alan, AR 42675",08/15/2023,Electronics,408.87,4
Colleen Key,Female,"300 Russell Bridge
New Jonathanmouth, ID 59162",11/09/2023,Gardening,142.25,3
Michael Pope,Female,"0570 Sarah Cliff
South Ronnie, LA 67487",10/09/2023,Gardening,71.51,4
Matthew Hudson,Female,"86878 Rogers Rue
Estradaburgh, UT 55620",02/09/2024,Books,62.49,2
Emily Davis,Male,"2042 Bryan Circle Suite 738
Jenkinsside, IN 81074",06/01/2023,Clothing,80.24,1
Justin Campbell,Male,"314 Vickie Shoal Suite 000
Port Chelseachester, NE 85548",07/03/2023,Electronics,1289.75,5
Joseph Murray,Male,"63034 James Extensions Suite 197
New Madison, OR 73230",10/01/2023,Gardening,152.35,2
Daniel Campos,Male,"479 Emily Bypass
North Henry, NV 37151",10/16/2023,Clothing,94.99,3
Terri Brown,Male,"10107 Regina Garden Suite 146
South Courtney, UT 43653",01/15/2024,Clothing,64.16,1
Adam Potter,Female,"1403 Smith Square
Port Robin, NY 38444",09/26/2023,Clothing,241.11,4
Barry Kelly,Female,"42815 Jacqueline Grove
Claudialand, FM 22013",12/01/2023,Gardening,60.47,4
Tiffany White,Female,"441 John Mission
Hodgesburgh, MO 18399",10/06/2023,Food,27.34,2
David Bryan,Male,"102 Sanders Fields
Lindashire, IA 26560",01/09/2024,Clothing,185.4,4
Deanna Mckay,Male,"9564 Wyatt Greens Apt. 190
Williamstad, FL 29051",10/31/2023,Clothing,118.94,3
Nathan Maldonado,Male,"315 Flores Valley
Port Alecport, IL 50578",03/11/2024,Gardening,123.52,5
Shawn Ibarra,Male,"PSC 3236, Box 9501
APO AA 76978",09/25/2023,Gardening,127.69,2
David Dean,Female,"565 Evans Plains
Cochranshire, RI 67074",08/08/2023,Food,20.33,5
Michael Jones,Female,"87499 Jeffrey Ridges
Gilbertshire, MI 40762",09/06/2023,Food,40.86,2
